Complex ID,Is Complex,Number Of Stations In Complex,Stop Name,Display Name,Constituent Station Names,Station IDs,GTFS Stop IDs,Borough,CBD,Daytime Routes,Structure Type,Latitude,Longitude,ADA,ADA Notes
398,False,1,77 St,77 St (6),77 St,398,627,M,False,6,Subway,40.77362,-73.959874,0,
399,False,1,68 St-Hunter College,68 St-Hunter College (6),68 St-Hunter College,399,628,M,False,6,Subway,40.768141,-73.96387,1,
403,False,1,33 St,33 St (6),33 St,403,632,M,True,6,Subway,40.746081,-73.982076,0,
404,False,1,28 St,28 St (6),28 St,404,633,M,True,6,Subway,40.74307,-73.984264,2,Downtown only
405,False,1,23 St,23 St (6),23 St,405,634,M,True,6,Subway,40.739864,-73.986599,1,
407,False,1,Astor Pl,Astor Pl (6),Astor Pl,407,636,M,True,6,Subway,40.730054,-73.99107,0,
409,False,1,Spring St,Spring St (6),Spring St,409,638,M,True,6,Subway,40.722301,-73.997141,0,
413,False,1,Wall St,"Wall St (4,5)",Wall St,413,419,M,True,4 5,Subway,40.707557,-74.011862,0,
414,False,1,Bowling Green,"Bowling Green (4,5)",Bowling Green,414,420,M,True,4 5,Subway,40.704817,-74.014065,1,
416,False,1,Wakefield-241 St,Wakefield-241 St (2),Wakefield-241 St,416,201,Bx,False,2,Elevated,40.903125,-73.85062,0,
417,False,1,Nereid Av,"Nereid Av (2,5)",Nereid Av,417,204,Bx,False,2 5,Elevated,40.898379,-73.854376,0,
418,False,1,233 St,"233 St (2,5)",233 St,418,205,Bx,False,2 5,Elevated,40.893193,-73.857473,1,
419,False,1,225 St,"225 St (2,5)",225 St,419,206,Bx,False,2 5,Elevated,40.888022,-73.860341,0,
420,False,1,219 St,"219 St (2,5)",219 St,420,207,Bx,False,2 5,Elevated,40.883895,-73.862633,0,
421,False,1,Gun Hill Rd,"Gun Hill Rd (2,5)",Gun Hill Rd,421,208,Bx,False,2 5,Elevated,40.87785,-73.866256,1,
422,False,1,Burke Av,"Burke Av (2,5)",Burke Av,422,209,Bx,False,2 5,Elevated,40.871356,-73.867164,0,
423,False,1,Allerton Av,"Allerton Av (2,5)",Allerton Av,423,210,Bx,False,2 5,Elevated,40.865462,-73.867352,0,
424,False,1,Pelham Pkwy,"Pelham Pkwy (2,5)",Pelham Pkwy,424,211,Bx,False,2 5,Elevated,40.857192,-73.867615,1,
425,False,1,Bronx Park East,"Bronx Park East (2,5)",Bronx Park East,425,212,Bx,False,2 5,Elevated,40.848828,-73.868457,0,
426,False,1,E 180 St,"E 180 St (2,5)",E 180 St,426,213,Bx,False,2 5,Elevated,40.841894,-73.873488,1,
427,False,1,West Farms Sq-E Tremont Av,"West Farms Sq-E Tremont Av (2,5)",West Farms Sq-E Tremont Av,427,214,Bx,False,2 5,Elevated,40.840295,-73.880049,0,
428,False,1,174 St,"174 St (2,5)",174 St,428,215,Bx,False,2 5,Elevated,40.837288,-73.887734,0,
429,False,1,Freeman St,"Freeman St (2,5)",Freeman St,429,216,Bx,False,2 5,Elevated,40.829993,-73.891865,0,
430,False,1,Simpson St,"Simpson St (2,5)",Simpson St,430,217,Bx,False,2 5,Elevated,40.824073,-73.893064,1,
431,False,1,Intervale Av,"Intervale Av (2,5)",Intervale Av,431,218,Bx,False,2 5,Elevated,40.822181,-73.896736,0,
432,False,1,Prospect Av,"Prospect Av (2,5)",Prospect Av,432,219,Bx,False,2 5,Elevated,40.819585,-73.90177,0,
433,False,1,Jackson Av,"Jackson Av (2,5)",Jackson Av,433,220,Bx,False,2 5,Elevated,40.81649,-73.907807,0,
434,False,1,3 Av-149 St,"3 Av-149 St (2,5)",3 Av-149 St,434,221,Bx,False,2 5,Subway,40.816109,-73.917757,1,
436,False,1,Harlem-148 St,Harlem-148 St (3),Harlem-148 St,436,301,M,False,3,Subway,40.82388,-73.93647,0,
437,False,1,145 St,145 St (3),145 St,437,302,M,False,3,Subway,40.820421,-73.936245,0,
438,False,1,135 St,"135 St (2,3)",135 St,438,224,M,False,2 3,Subway,40.814229,-73.94077,1,
439,False,1,125 St,"125 St (2,3)",125 St,439,225,M,False,2 3,Subway,40.807754,-73.945495,0,
440,False,1,116 St,"116 St (2,3)",116 St,440,226,M,False,2 3,Subway,40.802098,-73.949625,0,
441,False,1,Central Park North (110 St),"Central Park North (110 St) (2,3)",Central Park North (110 St),441,227,M,False,2 3,Subway,40.799075,-73.951822,0,
442,False,1,Eastchester-Dyre Av,Eastchester-Dyre Av (5),Eastchester-Dyre Av,442,501,Bx,False,5,At Grade,40.8883,-73.830834,0,
443,False,1,Baychester Av,Baychester Av (5),Baychester Av,443,502,Bx,False,5,Open Cut,40.878663,-73.838591,0,
444,False,1,Gun Hill Rd,Gun Hill Rd (5),Gun Hill Rd,444,503,Bx,False,5,Open Cut,40.869526,-73.846384,1,
445,False,1,Pelham Pkwy,Pelham Pkwy (5),Pelham Pkwy,445,504,Bx,False,5,Open Cut,40.858985,-73.855359,0,
446,False,1,Morris Park,Morris Park (5),Morris Park,446,505,Bx,False,5,Open Cut,40.854364,-73.860495,0,
447,False,1,Flushing-Main St,Flushing-Main St (7),Flushing-Main St,447,701,Q,False,7,Subway,40.7596,-73.83003,1,
448,False,1,Mets-Willets Point,Mets-Willets Point (7),Mets-Willets Point,448,702,Q,False,7,Elevated,40.754622,-73.845625,0,
449,False,1,111 St,111 St (7),111 St,449,705,Q,False,7,Elevated,40.75173,-73.855334,0,
450,False,1,103 St-Corona Plaza,103 St-Corona Plaza (7),103 St-Corona Plaza,450,706,Q,False,7,Elevated,40.749865,-73.8627,0,
451,False,1,Junction Blvd,Junction Blvd (7),Junction Blvd,451,707,Q,False,7,Elevated,40.749145,-73.869527,1,
452,False,1,90 St-Elmhurst Av,90 St-Elmhurst Av (7),90 St-Elmhurst Av,452,708,Q,False,7,Elevated,40.748408,-73.876613,0,
453,False,1,82 St-Jackson Hts,82 St-Jackson Hts (7),82 St-Jackson Hts,453,709,Q,False,7,Elevated,40.747659,-73.883697,0,
455,False,1,69 St,69 St (7),69 St,455,711,Q,False,7,Elevated,40.746325,-73.896403,0,
456,False,1,61 St-Woodside,61 St-Woodside (7),61 St-Woodside,456,712,Q,False,7,Elevated,40.74563,-73.902984,1,
457,False,1,52 St,52 St (7),52 St,457,713,Q,False,7,Elevated,40.744149,-73.912549,0,
458,False,1,46 St-Bliss St,46 St-Bliss St (7),46 St-Bliss St,458,714,Q,False,7,Elevated,40.743132,-73.918435,0,
459,False,1,40 St-Lowery St,40 St-Lowery St (7),40 St-Lowery St,459,715,Q,False,7,Elevated,40.743781,-73.924016,0,
460,False,1,33 St-Rawson St,33 St-Rawson St (7),33 St-Rawson St,460,716,Q,False,7,Elevated,40.744587,-73.930997,0,
461,False,2,Queensboro Plaza,"Queensboro Plaza (7,N,W)",Queensboro Plaza,461,718; R09,Q,False,7 N W,Elevated,40.750582,-73.940202,1,
463,False,1,Hunters Point Av,Hunters Point Av (7),Hunters Point Av,463,720,Q,False,7,Subway,40.742216,-73.948916,0,
464,False,1,Vernon Blvd-Jackson Av,Vernon Blvd-Jackson Av (7),Vernon Blvd-Jackson Av,464,721,Q,False,7,Subway,40.742626,-73.953581,0,
471,False,1,34 St-Hudson Yards,34 St-Hudson Yards (7),34 St-Hudson Yards,471,726,M,True,7,Subway,40.755882,-74.00191,1,
475,False,1,96 St,96 St (Q),96 St,475,Q05,M,False,Q,Subway,40.784318,-73.947152,1,
476,False,1,86 St,86 St (Q),86 St,476,Q04,M,False,Q,Subway,40.777891,-73.951787,1,
477,False,1,72 St,72 St (Q),72 St,477,Q03,M,False,Q,Subway,40.768799,-73.958424,1,
501,False,1,St George,St George (SIR),St George,501,S31,SI,False,SIR,Open Cut,40.643748,-74.073643,1,
502,False,1,Tompkinsville,Tompkinsville (SIR),Tompkinsville,502,S30,SI,False,SIR,At Grade,40.636949,-74.074835,0,
503,False,1,Stapleton,Stapleton (SIR),Stapleton,503,S29,SI,False,SIR,Elevated,40.627915,-74.075162,0,
504,False,1,Clifton,Clifton (SIR),Clifton,504,S28,SI,False,SIR,Elevated,40.621319,-74.071402,0,
505,False,1,Grasmere,Grasmere (SIR),Grasmere,505,S27,SI,False,SIR,Open Cut,40.603117,-74.084087,0,
506,False,1,Old Town,Old Town (SIR),Old Town,506,S26,SI,False,SIR,Embankment,40.596612,-74.087368,0,
507,False,1,Dongan Hills,Dongan Hills (SIR),Dongan Hills,507,S25,SI,False,SIR,Embankment,40.588849,-74.09609,1,
508,False,1,Jefferson Av,Jefferson Av (SIR),Jefferson Av,508,S24,SI,False,SIR,Embankment,40.583591,-74.103338,0,
509,False,1,Grant City,Grant City (SIR),Grant City,509,S23,SI,False,SIR,Open Cut,40.578965,-74.109704,0,
510,False,1,New Dorp,New Dorp (SIR),New Dorp,510,S22,SI,False,SIR,Open Cut,40.57348,-74.11721,1,
511,False,1,Oakwood Heights,Oakwood Heights (SIR),Oakwood Heights,511,S21,SI,False,SIR,Open Cut,40.56511,-74.12632,0,
512,False,1,Bay Terrace,Bay Terrace (SIR),Bay Terrace,512,S20,SI,False,SIR,Embankment,40.5564,-74.136907,0,
513,False,1,Great Kills,Great Kills (SIR),Great Kills,513,S19,SI,False,SIR,Open Cut,40.551231,-74.151399,1,
514,False,1,Eltingville,Eltingville (SIR),Eltingville,514,S18,SI,False,SIR,Embankment,40.544601,-74.16457,0,
515,False,1,Annadale,Annadale (SIR),Annadale,515,S17,SI,False,SIR,Open Cut,40.54046,-74.178217,0,
516,False,1,Huguenot,Huguenot (SIR),Huguenot,516,S16,SI,False,SIR,Open Cut,40.533674,-74.191794,0,
517,False,1,Prince's Bay,Prince's Bay (SIR),Prince's Bay,517,S15,SI,False,SIR,Open Cut,40.525507,-74.200064,0,
518,False,1,Pleasant Plains,Pleasant Plains (SIR),Pleasant Plains,518,S14,SI,False,SIR,Embankment,40.52241,-74.217847,0,
519,False,1,Richmond Valley,Richmond Valley (SIR),Richmond Valley,519,S13,SI,False,SIR,Open Cut,40.519631,-74.229141,0,
522,False,1,Tottenville,Tottenville (SIR),Tottenville,522,S09,SI,False,SIR,At Grade,40.512764,-74.251961,1,
523,False,1,Arthur Kill,Arthur Kill (SIR),Arthur Kill,523,S11,SI,False,SIR,At Grade,40.516578,-74.242096,1,
601,True,3,14 St/6 Av,"14 St/6 Av (1,2,3,L,F,M)",14 St; 6 Av,116; 229; 322,132; D19; L02,M,True,1 2 3 L F M,Subway,40.73779633,-73.997732,1,
602,True,3,14 St-Union Sq,"14 St-Union Sq (4,5,6,L,N,Q,R,W)",14 St-Union Sq,15; 117; 406,635; L03; R20,M,True,4 5 6 L N Q R W,Subway,40.735066,-73.99041633,2,N Q R W accessible; L accessible; 4 5 6 not accessible
603,True,2,149 St-Grand Concourse,"149 St-Grand Concourse (2,4,5)",149 St-Grand Concourse,390; 435,222; 415,Bx,False,2 4 5,Subway,40.8183925,-73.9270345,0,
604,True,2,161 St-Yankee Stadium,"161 St-Yankee Stadium (4,B,D)",161 St-Yankee Stadium,219; 389,414; D11,Bx,False,4 B D,Elevated; Subway,40.8279495,-73.925741,1,
605,True,2,168 St-Washington Hts,"168 St-Washington Hts (1,A,C)",168 St; 168 St-Washington Hts,148; 302,112; A09,M,False,1 A C,Subway,40.8406375,-73.939847,2,A C accessible; 1 not accessible
606,True,3,Court Sq-23 St,"Court Sq-23 St (7,E,M,G)",Court Sq; Court Sq-23 St,274; 281; 462,719; F09; G22,Q,False,7 E M G,Elevated; Subway,40.747141,-73.945032,2,E M Manhattan-bound only; G accessible; 7 accessible
607,True,2,34 St-Herald Sq,"34 St-Herald Sq (B,D,F,M,N,Q,R,W)",34 St-Herald Sq,12; 227,D17; R17,M,True,B D F M N Q R W,Subway,40.749643,-73.9878865,1,
608,True,2,4 Av-9 St,"4 Av-9 St (F,G,R)",4 Av-9 St,29; 239,F23; R33,Bk,False,F G R,Subway; Viaduct,40.6705595,-73.9890405,0,
609,True,2,42 St-Bryant Pk/5 Av,"42 St-Bryant Pk/5 Av (7,B,D,F,M)",42 St-Bryant Pk; 5 Av,226; 466,724; D16,M,True,7 B D F M,Subway,40.7540215,-73.983266,0,
610,True,3,Grand Central-42 St,"Grand Central-42 St (4,5,6,7,S)",Grand Central-42 St,402; 465; 469,631; 723; 901,M,True,4 5 6 7 S,Subway,40.751992,-73.97735933,1,
611,True,5,Times Sq-42 St/Port Authority Bus Terminal,"Times Sq-42 St/Port Authority Bus Terminal (1,2,3,7,A,C,E,N,Q,R,W,S)",42 St-Port Authority Bus Terminal; Times Sq-42 St,11; 163; 317; 467; 468,127; 725; 902; A27; R16,M,True,1 2 3 7 A C E N Q R W S,Subway,40.755746,-73.9875808,1,
612,True,2,Lexington Av/51-53 Sts,"Lexington Av/51-53 Sts (6,E,M)",51 St; Lexington Av/53 St,275; 401,630; F11,M,True,6 E M,Subway,40.7573295,-73.9704875,1,
613,True,2,Lexington Av/59 St,"Lexington Av/59 St (4,5,6,N,R,W)",59 St; Lexington Av/59 St,7; 400,629; R11,M,True,4 5 6 N R W,Subway,40.762593,-73.9676125,0,
614,True,2,59 St-Columbus Circle,"59 St-Columbus Circle (1,A,C,B,D)",59 St-Columbus Circle,161; 315,125; A24,M,True,1 A C B D,Subway,40.7682715,-73.9818325,1,
615,True,2,62 St/New Utrecht Av,"62 St/New Utrecht Av (D,N)",62 St; New Utrecht Av,63; 73,B16; N04,Bk,False,D N,Elevated; Open Cut,40.625657,-73.996624,1,
616,True,2,Jackson Hts-Roosevelt Av/74 St-Broadway,"Jackson Hts-Roosevelt Av/74 St-Broadway (7,E,F,M,R)",74 St-Broadway; Jackson Hts-Roosevelt Av,267; 454,710; G14,Q,False,7 E F M R,Elevated; Subway,40.746746,-73.891366,1,
617,True,3,Atlantic Av-Barclays Ctr,"Atlantic Av-Barclays Ctr (2,3,4,5,B,D,N,Q,R)",Atlantic Av-Barclays Ctr,27; 40; 338,235; D24; R31,Bk,False,2 3 4 5 B D N Q R,Subway,40.68416167,-73.97778867,1,
618,True,2,14 St/8 Av,"14 St/8 Av (A,C,E,L)",14 St; 8 Av,115; 166,A31; L01,M,True,A C E L,Subway,40.740335,-74.002134,1,
619,True,2,Broadway-Lafayette St/Bleecker St,"Broadway-Lafayette St/Bleecker St (6,B,D,F,M)",Bleecker St; Broadway-Lafayette St,230; 408,637; D21,M,True,6 B D F M,Subway,40.725606,-73.9954315,1,
620,True,3,Borough Hall/Court St,"Borough Hall/Court St (2,3,4,5,R)",Borough Hall; Court St,24; 335; 415,232; 423; R28,Bk,False,2 3 4 5 R,Subway,40.693241,-73.990642,2,R not accessible; 2 3 accessible; 4 5 Manhattan-bound only
621,True,3,Broadway Junction,"Broadway Junction (A,C,J,Z,L)",Broadway Junction,92; 132; 184,A51; J27; L22,Bk,False,A C J Z L,Elevated; Subway,40.678896,-73.904356,0,
622,True,2,Brooklyn Bridge-City Hall/Chambers St,"Brooklyn Bridge-City Hall/Chambers St (4,5,6,J,Z)",Brooklyn Bridge-City Hall; Chambers St,105; 411,640; M21,M,True,4 5 6 J Z,Subway,40.713154,-74.003766,1,
623,True,4,Canal St,"Canal St (6,J,Z,N,Q,R,W)",Canal St,18; 19; 104; 410,639; M20; Q01; R23,M,True,6 J Z N Q R W,Subway,40.71870125,-74.00058,2,R W not accessible; N Q not accessible; J Z not accessible; 6 accessible
624,True,4,Chambers St/WTC/Park Place/Cortlandt St,"Chambers St/WTC/Park Place/Cortlandt St (2,3,A,C,E,R,W)",Chambers St; Cortlandt St; Park Place; World Trade Center,21; 170; 171; 331,228; A36; E01; R25,M,True,2 3 A C E R W,Subway,40.712603,-74.0095515,2,R W accessible; A C not accessible; E accessible; 2 3 not accessible
625,True,2,Delancey St-Essex St,"Delancey St-Essex St (F,M,J,Z)",Delancey St-Essex St,102; 233,F15; M18,M,True,F M J Z,Subway,40.718463,-73.9877755,0,
626,True,2,Franklin Av-Medgar Evers College/Botanic Garden,"Franklin Av-Medgar Evers College/Botanic Garden (2,3,4,5,S)",Botanic Garden; Franklin Av-Medgar Evers College,142; 342,239; S04,Bk,False,2 3 4 5 S,Open Cut; Subway,40.6705125,-73.958688,0,
627,True,2,Franklin Av,"Franklin Av (C,S)",Franklin Av,139; 178,A45; S01,Bk,False,C S,Elevated; Subway,40.680988,-73.9563375,1,
628,True,4,Fulton St,"Fulton St (2,3,4,5,A,C,J,Z)",Fulton St,106; 172; 332; 412,229; 418; A38; M22,M,True,2 3 4 5 A C J Z,Subway,40.71008875,-74.00783825,1,
629,True,2,Metropolitan Av/Lorimer St,"Metropolitan Av/Lorimer St (G,L)",Lorimer St; Metropolitan Av,121; 285,G29; L10,Bk,False,G L,Subway,40.7134275,-73.9508465,1,
630,True,2,Myrtle-Wyckoff Avs,"Myrtle-Wyckoff Avs (M,L)",Myrtle-Wyckoff Avs,112; 128,L17; M08,Bk,False,M L,Elevated; Subway,40.699622,-73.9119855,1,
635,True,2,Whitehall St-South Ferry,"Whitehall St-South Ferry (1,R,W)",South Ferry; Whitehall St-South Ferry,23; 330,142; R27,M,True,1 R W,Subway,40.7025775,-74.013329,2,R W not accessible; 1 accessible
636,True,2,Jay St-MetroTech,"Jay St-MetroTech (A,C,F,R)",Jay St-MetroTech,25; 174,A41; R29,Bk,False,A C F R,Subway,40.692259,-73.986642,1,
271,False,1,Steinway St,"Steinway St (M,R)",Steinway St,271,G19,Q,False,M R,Subway,40.756879,-73.92074,0,
272,False,1,36 St,"36 St (M,R)",36 St,272,G20,Q,False,M R,Subway,40.752039,-73.928781,0,
273,False,1,Queens Plaza,"Queens Plaza (E,M,R)",Queens Plaza,273,G21,Q,False,E M R,Subway,40.748973,-73.937243,1,
276,False,1,5 Av/53 St,"5 Av/53 St (E,M)",5 Av/53 St,276,F12,M,True,E M,Subway,40.760167,-73.975224,0,
277,False,1,7 Av,"7 Av (E,B,D)",7 Av,277,D14,M,True,E B D,Subway,40.762862,-73.981637,0,
278,False,1,Jamaica Center-Parsons/Archer,"Jamaica Center-Parsons/Archer (E,J,Z)",Jamaica Center-Parsons/Archer,278,G05,Q,False,E J Z,Subway,40.702147,-73.801109,1,
279,False,1,Sutphin Blvd-Archer Av-JFK Airport,"Sutphin Blvd-Archer Av-JFK Airport (E,J,Z)",Sutphin Blvd-Archer Av-JFK Airport,279,G06,Q,False,E J Z,Subway,40.700486,-73.807969,1,
280,False,1,Jamaica-Van Wyck,Jamaica-Van Wyck (E),Jamaica-Van Wyck,280,G07,Q,False,E,Subway,40.702566,-73.816859,1,
282,False,1,21 St,21 St (G),21 St,282,G24,Q,False,G,Subway,40.744065,-73.949724,0,
283,False,1,Greenpoint Av,Greenpoint Av (G),Greenpoint Av,283,G26,Bk,False,G,Subway,40.731352,-73.954449,1,
284,False,1,Nassau Av,Nassau Av (G),Nassau Av,284,G28,Bk,False,G,Subway,40.724635,-73.951277,0,
286,False,1,Broadway,Broadway (G),Broadway,286,G30,Bk,False,G,Subway,40.706092,-73.950308,0,
287,False,1,Flushing Av,Flushing Av (G),Flushing Av,287,G31,Bk,False,G,Subway,40.700377,-73.950234,0,
288,False,1,Myrtle-Willoughby Avs,Myrtle-Willoughby Avs (G),Myrtle-Willoughby Avs,288,G32,Bk,False,G,Subway,40.694568,-73.949046,0,
289,False,1,Bedford-Nostrand Avs,Bedford-Nostrand Avs (G),Bedford-Nostrand Avs,289,G33,Bk,False,G,Subway,40.689627,-73.953522,0,
290,False,1,Classon Av,Classon Av (G),Classon Av,290,G34,Bk,False,G,Subway,40.688873,-73.96007,0,
291,False,1,Clinton-Washington Avs,Clinton-Washington Avs (G),Clinton-Washington Avs,291,G35,Bk,False,G,Subway,40.688089,-73.966839,0,
292,False,1,Fulton St,Fulton St (G),Fulton St,292,G36,Bk,False,G,Subway,40.687119,-73.975375,0,
293,False,1,Van Cortlandt Park-242 St,Van Cortlandt Park-242 St (1),Van Cortlandt Park-242 St,293,101,Bx,False,1,Elevated,40.889248,-73.898583,0,
294,False,1,238 St,238 St (1),238 St,294,103,Bx,False,1,Elevated,40.884667,-73.90087,0,
295,False,1,231 St,231 St (1),231 St,295,104,Bx,False,1,Elevated,40.878856,-73.904834,1,
296,False,1,Marble Hill-225 St,Marble Hill-225 St (1),Marble Hill-225 St,296,106,M,False,1,Elevated,40.874561,-73.909831,0,
297,False,1,215 St,215 St (1),215 St,297,107,M,False,1,Elevated,40.869444,-73.915279,0,
298,False,1,207 St,207 St (1),207 St,298,108,M,False,1,Elevated,40.864621,-73.918822,0,
299,False,1,Dyckman St,Dyckman St (1),Dyckman St,299,109,M,False,1,Elevated,40.860531,-73.925536,1,
300,False,1,191 St,191 St (1),191 St,300,110,M,False,1,Subway,40.855225,-73.929412,0,
301,False,1,181 St,181 St (1),181 St,301,111,M,False,1,Subway,40.849505,-73.933596,0,
303,False,1,157 St,157 St (1),157 St,303,113,M,False,1,Subway,40.834041,-73.94489,0,
304,False,1,145 St,145 St (1),145 St,304,114,M,False,1,Subway,40.826551,-73.95036,0,
305,False,1,137 St-City College,137 St-City College (1),137 St-City College,305,115,M,False,1,Subway,40.822008,-73.953676,0,
306,False,1,125 St,125 St (1),125 St,306,116,M,False,1,Elevated,40.815581,-73.958372,0,
307,False,1,116 St-Columbia University,116 St-Columbia University (1),116 St-Columbia University,307,117,M,False,1,Subway,40.807722,-73.96411,0,
308,False,1,Cathedral Pkwy (110 St),Cathedral Pkwy (110 St) (1),Cathedral Pkwy (110 St),308,118,M,False,1,Subway,40.803967,-73.966847,0,
309,False,1,103 St,103 St (1),103 St,309,119,M,False,1,Subway,40.799446,-73.968379,0,
310,False,1,96 St,"96 St (1,2,3)",96 St,310,120,M,False,1 2 3,Subway,40.793919,-73.972323,1,
311,False,1,86 St,86 St (1),86 St,311,121,M,False,1,Subway,40.788644,-73.976218,0,
312,False,1,79 St,79 St (1),79 St,312,122,M,False,1,Subway,40.783934,-73.979917,0,
313,False,1,72 St,"72 St (1,2,3)",72 St,313,123,M,False,1 2 3,Subway,40.778453,-73.98197,1,
314,False,1,66 St-Lincoln Center,66 St-Lincoln Center (1),66 St-Lincoln Center,314,124,M,False,1,Subway,40.77344,-73.982209,1,
316,False,1,50 St,50 St (1),50 St,316,126,M,True,1,Subway,40.761728,-73.983849,0,
318,False,1,34 St-Penn Station,"34 St-Penn Station (1,2,3)",34 St-Penn Station,318,128,M,True,1 2 3,Subway,40.750373,-73.991057,1,
319,False,1,28 St,28 St (1),28 St,319,129,M,True,1,Subway,40.747215,-73.993365,0,
320,False,1,23 St,23 St (1),23 St,320,130,M,True,1,Subway,40.744081,-73.995657,0,
321,False,1,18 St,18 St (1),18 St,321,131,M,True,1,Subway,40.74104,-73.997871,0,
323,False,1,Christopher St-Stonewall,Christopher St-Stonewall (1),Christopher St-Stonewall,323,133,M,True,1,Subway,40.733422,-74.002906,0,
324,False,1,Houston St,Houston St (1),Houston St,324,134,M,True,1,Subway,40.728251,-74.005367,0,
325,False,1,Canal St,Canal St (1),Canal St,325,135,M,True,1,Subway,40.722854,-74.006277,0,
326,False,1,Franklin St,Franklin St (1),Franklin St,326,136,M,True,1,Subway,40.719318,-74.006886,0,
327,False,1,Chambers St,"Chambers St (1,2,3)",Chambers St,327,137,M,True,1 2 3,Subway,40.715478,-74.009266,1,
328,False,1,WTC Cortlandt,WTC Cortlandt (1),WTC Cortlandt,328,138,M,True,1,Subway,40.711835,-74.012188,1,
329,False,1,Rector St,Rector St (1),Rector St,329,139,M,True,1,Subway,40.707513,-74.013783,0,
333,False,1,Wall St,"Wall St (2,3)",Wall St,333,230,M,True,2 3,Subway,40.706821,-74.0091,0,
334,False,1,Clark St,"Clark St (2,3)",Clark St,334,231,Bk,False,2 3,Subway,40.697466,-73.993086,0,
336,False,1,Hoyt St,"Hoyt St (2,3)",Hoyt St,336,233,Bk,False,2 3,Subway,40.690545,-73.985065,2,Outbound only
337,False,1,Nevins St,"Nevins St (2,3,4,5)",Nevins St,337,234,Bk,False,2 3 4 5,Subway,40.688246,-73.980492,0,
339,False,1,Bergen St,"Bergen St (2,3)",Bergen St,339,236,Bk,False,2 3,Subway,40.680829,-73.975098,0,
340,False,1,Grand Army Plaza,"Grand Army Plaza (2,3)",Grand Army Plaza,340,237,Bk,False,2 3,Subway,40.675235,-73.971046,0,
341,False,1,Eastern Pkwy-Brooklyn Museum,"Eastern Pkwy-Brooklyn Museum (2,3)",Eastern Pkwy-Brooklyn Museum,341,238,Bk,False,2 3,Subway,40.671987,-73.964375,1,
343,False,1,Nostrand Av,Nostrand Av (3),Nostrand Av,343,248,Bk,False,3,Subway,40.669847,-73.950466,0,
344,False,1,Kingston Av,Kingston Av (3),Kingston Av,344,249,Bk,False,3,Subway,40.669399,-73.942161,0,
345,False,1,Crown Hts-Utica Av,"Crown Hts-Utica Av (3,4)",Crown Hts-Utica Av,345,250,Bk,False,3 4,Subway,40.668897,-73.932942,1,
346,False,1,Sutter Av-Rutland Rd,Sutter Av-Rutland Rd (3),Sutter Av-Rutland Rd,346,251,Bk,False,3,Elevated,40.664717,-73.92261,0,
347,False,1,Saratoga Av,Saratoga Av (3),Saratoga Av,347,252,Bk,False,3,Elevated,40.661453,-73.916327,0,
348,False,1,Rockaway Av,Rockaway Av (3),Rockaway Av,348,253,Bk,False,3,Elevated,40.662549,-73.908946,0,
349,False,1,Junius St,Junius St (3),Junius St,349,254,Bk,False,3,Elevated,40.663515,-73.902447,0,
350,False,1,Pennsylvania Av,Pennsylvania Av (3),Pennsylvania Av,350,255,Bk,False,3,Elevated,40.664635,-73.894895,0,
351,False,1,Van Siclen Av,Van Siclen Av (3),Van Siclen Av,351,256,Bk,False,3,Elevated,40.665449,-73.889395,0,
352,False,1,New Lots Av,New Lots Av (3),New Lots Av,352,257,Bk,False,3,Elevated,40.666235,-73.884079,0,
353,False,1,President St-Medgar Evers College,"President St-Medgar Evers College (2,5)",President St-Medgar Evers College,353,241,Bk,False,2 5,Subway,40.667883,-73.950683,0,
354,False,1,Sterling St,"Sterling St (2,5)",Sterling St,354,242,Bk,False,2 5,Subway,40.662742,-73.95085,0,
355,False,1,Winthrop St,"Winthrop St (2,5)",Winthrop St,355,243,Bk,False,2 5,Subway,40.656652,-73.9502,0,
356,False,1,Church Av,"Church Av (2,5)",Church Av,356,244,Bk,False,2 5,Subway,40.650843,-73.949575,1,
357,False,1,Beverly Rd,"Beverly Rd (2,5)",Beverly Rd,357,245,Bk,False,2 5,Subway,40.645098,-73.948959,0,
358,False,1,Newkirk Av-Little Haiti,"Newkirk Av-Little Haiti (2,5)",Newkirk Av-Little Haiti,358,246,Bk,False,2 5,Subway,40.639967,-73.948411,0,
359,False,1,Flatbush Av-Brooklyn College,"Flatbush Av-Brooklyn College (2,5)",Flatbush Av-Brooklyn College,359,247,Bk,False,2 5,Subway,40.632836,-73.947642,1,
360,False,1,Pelham Bay Park,Pelham Bay Park (6),Pelham Bay Park,360,601,Bx,False,6,Elevated,40.852462,-73.828121,1,
361,False,1,Buhre Av,Buhre Av (6),Buhre Av,361,602,Bx,False,6,Elevated,40.84681,-73.832569,0,
362,False,1,Middletown Rd,Middletown Rd (6),Middletown Rd,362,603,Bx,False,6,Elevated,40.843863,-73.836322,0,
363,False,1,Westchester Sq-E Tremont Av,Westchester Sq-E Tremont Av (6),Westchester Sq-E Tremont Av,363,604,Bx,False,6,Elevated,40.839892,-73.842952,1,
364,False,1,Zerega Av,Zerega Av (6),Zerega Av,364,606,Bx,False,6,Elevated,40.836488,-73.847036,0,
365,False,1,Castle Hill Av,Castle Hill Av (6),Castle Hill Av,365,607,Bx,False,6,Elevated,40.834255,-73.851222,0,
366,False,1,Parkchester,Parkchester (6),Parkchester,366,608,Bx,False,6,Elevated,40.833226,-73.860816,0,
367,False,1,St Lawrence Av,St Lawrence Av (6),St Lawrence Av,367,609,Bx,False,6,Elevated,40.831509,-73.867618,0,
368,False,1,Morrison Av-Soundview,Morrison Av-Soundview (6),Morrison Av-Soundview,368,610,Bx,False,6,Elevated,40.829521,-73.874516,0,
369,False,1,Elder Av,Elder Av (6),Elder Av,369,611,Bx,False,6,Elevated,40.828584,-73.879159,0,
370,False,1,Whitlock Av,Whitlock Av (6),Whitlock Av,370,612,Bx,False,6,Elevated,40.826525,-73.886283,0,
371,False,1,Hunts Point Av,Hunts Point Av (6),Hunts Point Av,371,613,Bx,False,6,Subway,40.820948,-73.890549,1,
372,False,1,Longwood Av,Longwood Av (6),Longwood Av,372,614,Bx,False,6,Subway,40.816104,-73.896435,0,
373,False,1,E 149 St,E 149 St (6),E 149 St,373,615,Bx,False,6,Subway,40.812118,-73.904098,1,
374,False,1,E 143 St-St Mary's St,E 143 St-St Mary's St (6),E 143 St-St Mary's St,374,616,Bx,False,6,Subway,40.808719,-73.907657,0,
375,False,1,Cypress Av,Cypress Av (6),Cypress Av,375,617,Bx,False,6,Subway,40.805368,-73.914042,0,
376,False,1,Brook Av,Brook Av (6),Brook Av,376,618,Bx,False,6,Subway,40.807566,-73.91924,0,
377,False,1,3 Av-138 St,3 Av-138 St (6),3 Av-138 St,377,619,Bx,False,6,Subway,40.810476,-73.926138,0,
378,False,1,Woodlawn,Woodlawn (4),Woodlawn,378,401,Bx,False,4,Elevated,40.886037,-73.878751,0,
379,False,1,Mosholu Pkwy,Mosholu Pkwy (4),Mosholu Pkwy,379,402,Bx,False,4,Elevated,40.87975,-73.884655,0,
380,False,1,Bedford Park Blvd-Lehman College,Bedford Park Blvd-Lehman College (4),Bedford Park Blvd-Lehman College,380,405,Bx,False,4,Elevated,40.873412,-73.890064,0,
381,False,1,Kingsbridge Rd,Kingsbridge Rd (4),Kingsbridge Rd,381,406,Bx,False,4,Elevated,40.86776,-73.897174,0,
382,False,1,Fordham Rd,Fordham Rd (4),Fordham Rd,382,407,Bx,False,4,Elevated,40.862803,-73.901034,1,
383,False,1,183 St,183 St (4),183 St,383,408,Bx,False,4,Elevated,40.858407,-73.903879,0,
384,False,1,Burnside Av,Burnside Av (4),Burnside Av,384,409,Bx,False,4,Elevated,40.853453,-73.907684,0,
385,False,1,176 St,176 St (4),176 St,385,410,Bx,False,4,Elevated,40.84848,-73.911794,0,
386,False,1,Mt Eden Av,Mt Eden Av (4),Mt Eden Av,386,411,Bx,False,4,Elevated,40.844434,-73.914685,0,
387,False,1,170 St,170 St (4),170 St,387,412,Bx,False,4,Elevated,40.840075,-73.917791,1,
388,False,1,167 St,167 St (4),167 St,388,413,Bx,False,4,Elevated,40.835537,-73.9214,0,
391,False,1,138 St-Grand Concourse,"138 St-Grand Concourse (4,5)",138 St-Grand Concourse,391,416,Bx,False,4 5,Subway,40.813224,-73.929849,0,
392,False,1,125 St,"125 St (4,5,6)",125 St,392,621,M,False,4 5 6,Subway,40.804138,-73.937594,1,
393,False,1,116 St,116 St (6),116 St,393,622,M,False,6,Subway,40.798629,-73.941617,0,
394,False,1,110 St,110 St (6),110 St,394,623,M,False,6,Subway,40.79502,-73.94425,0,
395,False,1,103 St,103 St (6),103 St,395,624,M,False,6,Subway,40.7906,-73.947478,0,
396,False,1,96 St,96 St (6),96 St,396,625,M,False,6,Subway,40.785672,-73.95107,0,
397,False,1,86 St,"86 St (4,5,6)",86 St,397,626,M,False,4 5 6,Subway,40.779492,-73.955589,2,Uptown local only
141,False,1,Park Pl,Park Pl (S),Park Pl,141,S03,Bk,False,S,Open Cut,40.674772,-73.957624,1,
143,False,1,Inwood-207 St,Inwood-207 St (A),Inwood-207 St,143,A02,M,False,A,Subway,40.868072,-73.919899,1,
144,False,1,Dyckman St,Dyckman St (A),Dyckman St,144,A03,M,False,A,Subway,40.865491,-73.927271,0,
145,False,1,190 St,190 St (A),190 St,145,A05,M,False,A,Subway,40.859022,-73.93418,0,
146,False,1,181 St,181 St (A),181 St,146,A06,M,False,A,Subway,40.851695,-73.937969,1,
147,False,1,175 St,175 St (A),175 St,147,A07,M,False,A,Subway,40.847391,-73.939704,1,
149,False,1,163 St-Amsterdam Av,163 St-Amsterdam Av (C),163 St-Amsterdam Av,149,A10,M,False,C,Subway,40.836013,-73.939892,0,
150,False,1,155 St,155 St (C),155 St,150,A11,M,False,C,Subway,40.830518,-73.941514,0,
151,False,2,145 St,"145 St (A,C,B,D)",145 St,151,A12; D13,M,False,A C B D,Subway,40.824783,-73.944216,0,
152,False,1,135 St,"135 St (C,B)",135 St,152,A14,M,False,C B,Subway,40.817894,-73.947649,0,
153,False,1,125 St,"125 St (A,C,B,D)",125 St,153,A15,M,False,A C B D,Subway,40.811109,-73.952343,1,
154,False,1,116 St,"116 St (C,B)",116 St,154,A16,M,False,C B,Subway,40.805085,-73.954882,0,
155,False,1,Cathedral Pkwy (110 St),"Cathedral Pkwy (110 St) (C,B)",Cathedral Pkwy (110 St),155,A17,M,False,C B,Subway,40.800603,-73.958161,0,
156,False,1,103 St,"103 St (C,B)",103 St,156,A18,M,False,C B,Subway,40.796092,-73.961454,0,
157,False,1,96 St,"96 St (C,B)",96 St,157,A19,M,False,C B,Subway,40.791642,-73.964696,0,
158,False,1,86 St,"86 St (C,B)",86 St,158,A20,M,False,C B,Subway,40.785868,-73.968916,0,
159,False,1,81 St-Museum of Natural History,"81 St-Museum of Natural History (C,B)",81 St-Museum of Natural History,159,A21,M,False,C B,Subway,40.781433,-73.972143,0,
160,False,1,72 St,"72 St (C,B)",72 St,160,A22,M,False,C B,Subway,40.775594,-73.97641,0,
162,False,1,50 St,"50 St (C,E)",50 St,162,A25,M,True,C E,Subway,40.762456,-73.985984,2,Downtown only
164,False,1,34 St-Penn Station,"34 St-Penn Station (A,C,E)",34 St-Penn Station,164,A28,M,True,A C E,Subway,40.752287,-73.993391,1,
165,False,1,23 St,"23 St (C,E)",23 St,165,A30,M,True,C E,Subway,40.745906,-73.998041,0,
167,False,2,W 4 St-Wash Sq,"W 4 St-Wash Sq (A,C,E,B,D,F,M)",W 4 St-Wash Sq,167,A32; D20,M,True,A C E B D F M,Subway,40.732338,-74.000495,1,
168,False,1,Spring St,"Spring St (C,E)",Spring St,168,A33,M,True,C E,Subway,40.726227,-74.003739,0,
169,False,1,Canal St,"Canal St (A,C,E)",Canal St,169,A34,M,True,A C E,Subway,40.720824,-74.005229,0,
173,False,1,High St,"High St (A,C)",High St,173,A40,Bk,False,A C,Subway,40.699337,-73.990531,0,
175,False,1,Hoyt-Schermerhorn Sts,"Hoyt-Schermerhorn Sts (A,C,G)",Hoyt-Schermerhorn Sts,175,A42,Bk,False,A C G,Subway,40.688484,-73.985001,0,
176,False,1,Lafayette Av,Lafayette Av (C),Lafayette Av,176,A43,Bk,False,C,Subway,40.686113,-73.973946,0,
177,False,1,Clinton-Washington Avs,Clinton-Washington Avs (C),Clinton-Washington Avs,177,A44,Bk,False,C,Subway,40.683263,-73.965838,0,
179,False,1,Nostrand Av,"Nostrand Av (A,C)",Nostrand Av,179,A46,Bk,False,A C,Subway,40.680438,-73.950426,0,
180,False,1,Kingston-Throop Avs,Kingston-Throop Avs (C),Kingston-Throop Avs,180,A47,Bk,False,C,Subway,40.679921,-73.940858,0,
181,False,1,Utica Av,"Utica Av (A,C)",Utica Av,181,A48,Bk,False,A C,Subway,40.679364,-73.930729,1,
182,False,1,Ralph Av,Ralph Av (C),Ralph Av,182,A49,Bk,False,C,Subway,40.678822,-73.920786,0,
183,False,1,Rockaway Av,Rockaway Av (C),Rockaway Av,183,A50,Bk,False,C,Subway,40.67834,-73.911946,0,
185,False,1,Liberty Av,Liberty Av (C),Liberty Av,185,A52,Bk,False,C,Subway,40.674542,-73.896548,0,
186,False,1,Van Siclen Av,Van Siclen Av (C),Van Siclen Av,186,A53,Bk,False,C,Subway,40.67271,-73.890358,0,
187,False,1,Shepherd Av,Shepherd Av (C),Shepherd Av,187,A54,Bk,False,C,Subway,40.67413,-73.88075,0,
188,False,1,Euclid Av,"Euclid Av (A,C)",Euclid Av,188,A55,Bk,False,A C,Subway,40.675377,-73.872106,1,
189,False,1,Grant Av,Grant Av (A),Grant Av,189,A57,Bk,False,A,Subway,40.677044,-73.86505,0,
190,False,1,80 St,80 St (A),80 St,190,A59,Q,False,A,Elevated,40.679371,-73.858992,0,
191,False,1,88 St,88 St (A),88 St,191,A60,Q,False,A,Elevated,40.679843,-73.85147,0,
192,False,1,Rockaway Blvd,Rockaway Blvd (A),Rockaway Blvd,192,A61,Q,False,A,Elevated,40.680429,-73.843853,0,
193,False,1,104 St,104 St (A),104 St,193,A63,Q,False,A,Elevated,40.681711,-73.837683,0,
194,False,1,111 St,111 St (A),111 St,194,A64,Q,False,A,Elevated,40.684331,-73.832163,0,
195,False,1,Ozone Park-Lefferts Blvd,Ozone Park-Lefferts Blvd (A),Ozone Park-Lefferts Blvd,195,A65,Q,False,A,Elevated,40.685951,-73.825798,1,
196,False,1,Aqueduct Racetrack,Aqueduct Racetrack (A),Aqueduct Racetrack,196,H01,Q,False,A,At Grade,40.672097,-73.835919,1,
197,False,1,Aqueduct-N Conduit Av,Aqueduct-N Conduit Av (A),Aqueduct-N Conduit Av,197,H02,Q,False,A,At Grade,40.668234,-73.834058,0,
198,False,1,Howard Beach-JFK Airport,Howard Beach-JFK Airport (A),Howard Beach-JFK Airport,198,H03,Q,False,A,At Grade,40.660476,-73.830301,1,
199,False,1,Broad Channel,"Broad Channel (A,S)",Broad Channel,199,H04,Q,False,A S,At Grade,40.608382,-73.815925,0,
200,False,1,Beach 90 St,"Beach 90 St (A,S)",Beach 90 St,200,H12,Q,False,A S,Viaduct,40.588034,-73.813641,0,
201,False,1,Beach 98 St,"Beach 98 St (A,S)",Beach 98 St,201,H13,Q,False,A S,Viaduct,40.585307,-73.820558,0,
202,False,1,Beach 105 St,"Beach 105 St (A,S)",Beach 105 St,202,H14,Q,False,A S,Viaduct,40.583209,-73.827559,0,
203,False,1,Rockaway Park-Beach 116 St,"Rockaway Park-Beach 116 St (A,S)",Rockaway Park-Beach 116 St,203,H15,Q,False,A S,At Grade,40.580903,-73.835592,1,
204,False,1,Beach 67 St,Beach 67 St (A),Beach 67 St,204,H06,Q,False,A,Viaduct,40.590927,-73.796924,1,
205,False,1,Beach 60 St,Beach 60 St (A),Beach 60 St,205,H07,Q,False,A,Viaduct,40.592374,-73.788522,0,
206,False,1,Beach 44 St,Beach 44 St (A),Beach 44 St,206,H08,Q,False,A,Viaduct,40.592943,-73.776013,0,
207,False,1,Beach 36 St,Beach 36 St (A),Beach 36 St,207,H09,Q,False,A,Viaduct,40.595398,-73.768175,0,
208,False,1,Beach 25 St,Beach 25 St (A),Beach 25 St,208,H10,Q,False,A,Viaduct,40.600066,-73.761353,0,
209,False,1,Far Rockaway-Mott Av,Far Rockaway-Mott Av (A),Far Rockaway-Mott Av,209,H11,Q,False,A,Viaduct,40.603995,-73.755405,1,
210,False,1,Norwood-205 St,Norwood-205 St (D),Norwood-205 St,210,D01,Bx,False,D,Subway,40.874811,-73.878855,0,
211,False,1,Bedford Park Blvd,"Bedford Park Blvd (B,D)",Bedford Park Blvd,211,D03,Bx,False,B D,Subway,40.873244,-73.887138,1,
212,False,1,Kingsbridge Rd,"Kingsbridge Rd (B,D)",Kingsbridge Rd,212,D04,Bx,False,B D,Subway,40.866978,-73.893509,1,
213,False,1,Fordham Rd,"Fordham Rd (B,D)",Fordham Rd,213,D05,Bx,False,B D,Subway,40.861296,-73.897749,0,
214,False,1,182-183 Sts,"182-183 Sts (B,D)",182-183 Sts,214,D06,Bx,False,B D,Subway,40.856093,-73.900741,0,
215,False,1,Tremont Av,"Tremont Av (B,D)",Tremont Av,215,D07,Bx,False,B D,Subway,40.85041,-73.905227,1,
216,False,1,174-175 Sts,"174-175 Sts (B,D)",174-175 Sts,216,D08,Bx,False,B D,Subway,40.8459,-73.910136,0,
217,False,1,170 St,"170 St (B,D)",170 St,217,D09,Bx,False,B D,Subway,40.839306,-73.9134,0,
218,False,1,167 St,"167 St (B,D)",167 St,218,D10,Bx,False,B D,Subway,40.833771,-73.91844,0,
220,False,1,155 St,"155 St (B,D)",155 St,220,D12,M,False,B D,Subway,40.830135,-73.938209,0,
221,False,1,21 St-Queensbridge,21 St-Queensbridge (F),21 St-Queensbridge,221,B04,Q,False,F,Subway,40.754203,-73.942836,1,
222,False,1,Roosevelt Island,Roosevelt Island (F),Roosevelt Island,222,B06,M,False,F,Subway,40.759145,-73.95326,1,
223,False,1,Lexington Av/63 St,"Lexington Av/63 St (F,Q)",Lexington Av/63 St,223,B08,M,False,F Q,Subway,40.764629,-73.966113,1,
224,False,1,57 St,57 St (F),57 St,224,B10,M,True,F,Subway,40.763972,-73.97745,0,
225,False,1,47-50 Sts-Rockefeller Ctr,"47-50 Sts-Rockefeller Ctr (B,D,F,M)",47-50 Sts-Rockefeller Ctr,225,D15,M,True,B D F M,Subway,40.758663,-73.981329,1,
228,False,1,23 St,"23 St (F,M)",23 St,228,D18,M,True,F M,Subway,40.742878,-73.992821,0,
231,False,1,Grand St,"Grand St (B,D)",Grand St,231,D22,M,True,B D,Subway,40.718267,-73.993753,0,
232,False,1,2 Av,2 Av (F),2 Av,232,F14,M,True,F,Subway,40.723402,-73.989938,0,
234,False,1,East Broadway,East Broadway (F),East Broadway,234,F16,M,True,F,Subway,40.713715,-73.990173,0,
235,False,1,York St,York St (F),York St,235,F18,Bk,False,F,Subway,40.701397,-73.986751,0,
236,False,1,Bergen St,"Bergen St (F,G)",Bergen St,236,F20,Bk,False,F G,Subway,40.686145,-73.990862,0,
237,False,1,Carroll St,"Carroll St (F,G)",Carroll St,237,F21,Bk,False,F G,Subway,40.680303,-73.995048,0,
238,False,1,Smith-9 Sts,"Smith-9 Sts (F,G)",Smith-9 Sts,238,F22,Bk,False,F G,Viaduct,40.67358,-73.995959,0,
240,False,1,7 Av,"7 Av (F,G)",7 Av,240,F24,Bk,False,F G,Subway,40.666271,-73.980305,1,
241,False,1,15 St-Prospect Park,"15 St-Prospect Park (F,G)",15 St-Prospect Park,241,F25,Bk,False,F G,Subway,40.660365,-73.979493,0,
242,False,1,Fort Hamilton Pkwy,"Fort Hamilton Pkwy (F,G)",Fort Hamilton Pkwy,242,F26,Bk,False,F G,Subway,40.650782,-73.975776,0,
243,False,1,Church Av,"Church Av (F,G)",Church Av,243,F27,Bk,False,F G,Subway,40.644041,-73.979678,1,
244,False,1,Ditmas Av,Ditmas Av (F),Ditmas Av,244,F29,Bk,False,F,Elevated,40.636119,-73.978172,0,
245,False,1,18 Av,18 Av (F),18 Av,245,F30,Bk,False,F,Elevated,40.629755,-73.976971,0,
246,False,1,Avenue I,Avenue I (F),Avenue I,246,F31,Bk,False,F,Elevated,40.625322,-73.976127,0,
247,False,1,Bay Pkwy,Bay Pkwy (F),Bay Pkwy,247,F32,Bk,False,F,Elevated,40.620769,-73.975264,0,
248,False,1,Avenue N,Avenue N (F),Avenue N,248,F33,Bk,False,F,Elevated,40.61514,-73.974197,0,
249,False,1,Avenue P,Avenue P (F),Avenue P,249,F34,Bk,False,F,Elevated,40.608944,-73.973022,0,
250,False,1,Kings Hwy,Kings Hwy (F),Kings Hwy,250,F35,Bk,False,F,Elevated,40.603217,-73.972361,0,
251,False,1,Avenue U,Avenue U (F),Avenue U,251,F36,Bk,False,F,Elevated,40.596063,-73.973357,0,
252,False,1,Avenue X,Avenue X (F),Avenue X,252,F38,Bk,False,F,Elevated,40.58962,-73.97425,0,
253,False,1,Neptune Av,Neptune Av (F),Neptune Av,253,F39,Bk,False,F,Elevated,40.581011,-73.974574,0,
254,False,1,Jamaica-179 St,Jamaica-179 St (F),Jamaica-179 St,254,F01,Q,False,F,Subway,40.712646,-73.783817,1,
255,False,1,169 St,169 St (F),169 St,255,F02,Q,False,F,Subway,40.71047,-73.793604,0,
256,False,1,Parsons Blvd,Parsons Blvd (F),Parsons Blvd,256,F03,Q,False,F,Subway,40.707564,-73.803326,0,
257,False,1,Sutphin Blvd,Sutphin Blvd (F),Sutphin Blvd,257,F04,Q,False,F,Subway,40.70546,-73.810708,0,
258,False,1,Briarwood,"Briarwood (E,F)",Briarwood,258,F05,Q,False,E F,Subway,40.709179,-73.820574,0,
259,False,1,Kew Gardens-Union Tpke,"Kew Gardens-Union Tpke (E,F)",Kew Gardens-Union Tpke,259,F06,Q,False,E F,Subway,40.714441,-73.831008,1,
260,False,1,75 Av,"75 Av (E,F)",75 Av,260,F07,Q,False,E F,Subway,40.718331,-73.837324,0,
261,False,1,Forest Hills-71 Av,"Forest Hills-71 Av (E,F,M,R)",Forest Hills-71 Av,261,G08,Q,False,E F M R,Subway,40.721691,-73.844521,1,
262,False,1,67 Av,"67 Av (M,R)",67 Av,262,G09,Q,False,M R,Subway,40.726523,-73.852719,0,
263,False,1,63 Dr-Rego Park,"63 Dr-Rego Park (M,R)",63 Dr-Rego Park,263,G10,Q,False,M R,Subway,40.729846,-73.861604,0,
264,False,1,Woodhaven Blvd,"Woodhaven Blvd (M,R)",Woodhaven Blvd,264,G11,Q,False,M R,Subway,40.733106,-73.869229,0,
265,False,1,Grand Av-Newtown,"Grand Av-Newtown (M,R)",Grand Av-Newtown,265,G12,Q,False,M R,Subway,40.737015,-73.877223,0,
266,False,1,Elmhurst Av,"Elmhurst Av (M,R)",Elmhurst Av,266,G13,Q,False,M R,Subway,40.742454,-73.882017,0,
268,False,1,65 St,"65 St (M,R)",65 St,268,G15,Q,False,M R,Subway,40.749669,-73.898453,0,
269,False,1,Northern Blvd,"Northern Blvd (M,R)",Northern Blvd,269,G16,Q,False,M R,Subway,40.752885,-73.906006,2,Outbound only
270,False,1,46 St,"46 St (M,R)",46 St,270,G18,Q,False,M R,Subway,40.756312,-73.913333,0,
1,False,1,Astoria-Ditmars Blvd,"Astoria-Ditmars Blvd (N,W)",Astoria-Ditmars Blvd,1,R01,Q,False,N W,Elevated,40.775036,-73.912034,0,
2,False,1,Astoria Blvd,"Astoria Blvd (N,W)",Astoria Blvd,2,R03,Q,False,N W,Elevated,40.770258,-73.917843,1,
3,False,1,30 Av,"30 Av (N,W)",30 Av,3,R04,Q,False,N W,Elevated,40.766779,-73.921479,0,
4,False,1,Broadway,"Broadway (N,W)",Broadway,4,R05,Q,False,N W,Elevated,40.76182,-73.925508,0,
5,False,1,36 Av,"36 Av (N,W)",36 Av,5,R06,Q,False,N W,Elevated,40.756804,-73.929575,0,
6,False,1,39 Av-Dutch Kills,"39 Av-Dutch Kills (N,W)",39 Av-Dutch Kills,6,R08,Q,False,N W,Elevated,40.752882,-73.932755,0,
8,False,1,5 Av/59 St,"5 Av/59 St (N,R,W)",5 Av/59 St,8,R13,M,True,N R W,Subway,40.764811,-73.973347,0,
9,False,1,57 St-7 Av,"57 St-7 Av (N,Q,R,W)",57 St-7 Av,9,R14,M,True,N Q R W,Subway,40.764664,-73.980658,1,
10,False,1,49 St,"49 St (N,R,W)",49 St,10,R15,M,True,N R W,Subway,40.759901,-73.984139,2,Uptown only
13,False,1,28 St,"28 St (R,W)",28 St,13,R18,M,True,R W,Subway,40.745494,-73.988691,0,
14,False,1,23 St,"23 St (R,W)",23 St,14,R19,M,True,R W,Subway,40.741303,-73.989344,0,
16,False,1,8 St-NYU,"8 St-NYU (R,W)",8 St-NYU,16,R21,M,True,R W,Subway,40.730328,-73.992629,0,
17,False,1,Prince St,"Prince St (R,W)",Prince St,17,R22,M,True,R W,Subway,40.724329,-73.997702,0,
20,False,1,City Hall,"City Hall (R,W)",City Hall,20,R24,M,True,R W,Subway,40.713282,-74.006978,0,
22,False,1,Rector St,"Rector St (R,W)",Rector St,22,R26,M,True,R W,Subway,40.70722,-74.013342,0,
26,False,1,DeKalb Av,"DeKalb Av (B,Q,R)",DeKalb Av,26,R30,Bk,False,B Q R,Subway,40.690635,-73.981824,1,
28,False,1,Union St,Union St (R),Union St,28,R32,Bk,False,R,Subway,40.677316,-73.98311,0,
30,False,1,Prospect Av,Prospect Av (R),Prospect Av,30,R34,Bk,False,R,Subway,40.665414,-73.992872,0,
31,False,1,25 St,25 St (R),25 St,31,R35,Bk,False,R,Subway,40.660397,-73.998091,0,
32,False,1,36 St,"36 St (D,N,R)",36 St,32,R36,Bk,False,D N R,Subway,40.655144,-74.003549,0,
33,False,1,45 St,45 St (R),45 St,33,R39,Bk,False,R,Subway,40.648939,-74.010006,0,
34,False,1,53 St,53 St (R),53 St,34,R40,Bk,False,R,Subway,40.645069,-74.014034,0,
35,False,1,59 St,"59 St (N,R)",59 St,35,R41,Bk,False,N R,Subway,40.641362,-74.017881,1,
36,False,1,Bay Ridge Av,Bay Ridge Av (R),Bay Ridge Av,36,R42,Bk,False,R,Subway,40.634967,-74.023377,0,
37,False,1,77 St,77 St (R),77 St,37,R43,Bk,False,R,Subway,40.629742,-74.02551,0,
38,False,1,86 St,86 St (R),86 St,38,R44,Bk,False,R,Subway,40.622687,-74.028398,1,
39,False,1,Bay Ridge-95 St,Bay Ridge-95 St (R),Bay Ridge-95 St,39,R45,Bk,False,R,Subway,40.616622,-74.030876,0,
41,False,1,7 Av,"7 Av (B,Q)",7 Av,41,D25,Bk,False,B Q,Subway,40.67705,-73.972367,0,
42,False,1,Prospect Park,"Prospect Park (B,Q,S)",Prospect Park,42,D26,Bk,False,B Q S,Open Cut,40.661614,-73.962246,1,
43,False,1,Parkside Av,Parkside Av (Q),Parkside Av,43,D27,Bk,False,Q,Open Cut,40.655292,-73.961495,0,
44,False,1,Church Av,"Church Av (B,Q)",Church Av,44,D28,Bk,False,B Q,Open Cut,40.650527,-73.962982,0,
45,False,1,Beverley Rd,Beverley Rd (Q),Beverley Rd,45,D29,Bk,False,Q,Open Cut,40.644031,-73.964492,0,
46,False,1,Cortelyou Rd,Cortelyou Rd (Q),Cortelyou Rd,46,D30,Bk,False,Q,Open Cut,40.640927,-73.963891,0,
47,False,1,Newkirk Plaza,"Newkirk Plaza (B,Q)",Newkirk Plaza,47,D31,Bk,False,B Q,Open Cut,40.635082,-73.962793,0,
48,False,1,Avenue H,Avenue H (Q),Avenue H,48,D32,Bk,False,Q,Open Cut,40.62927,-73.961639,1,
49,False,1,Avenue J,Avenue J (Q),Avenue J,49,D33,Bk,False,Q,Open Cut,40.625039,-73.960803,0,
50,False,1,Avenue M,Avenue M (Q),Avenue M,50,D34,Bk,False,Q,Open Cut,40.617618,-73.959399,0,
51,False,1,Kings Hwy,"Kings Hwy (B,Q)",Kings Hwy,51,D35,Bk,False,B Q,Open Cut,40.60867,-73.957734,1,
52,False,1,Avenue U,Avenue U (Q),Avenue U,52,D37,Bk,False,Q,Open Cut,40.5993,-73.955929,0,
53,False,1,Neck Rd,Neck Rd (Q),Neck Rd,53,D38,Bk,False,Q,Open Cut,40.595246,-73.955161,0,
54,False,1,Sheepshead Bay,"Sheepshead Bay (B,Q)",Sheepshead Bay,54,D39,Bk,False,B Q,Open Cut,40.586896,-73.954155,0,
55,False,1,Brighton Beach,"Brighton Beach (B,Q)",Brighton Beach,55,D40,Bk,False,B Q,Elevated,40.577621,-73.961376,0,
56,False,1,Ocean Pkwy,Ocean Pkwy (Q),Ocean Pkwy,56,D41,Bk,False,Q,Elevated,40.576312,-73.968501,0,
57,False,1,W 8 St-NY Aquarium,"W 8 St-NY Aquarium (F,Q)",W 8 St-NY Aquarium,57,D42,Bk,False,F Q,Elevated,40.576127,-73.975939,0,
58,False,1,Coney Island-Stillwell Av,"Coney Island-Stillwell Av (D,F,N,Q)",Coney Island-Stillwell Av,58,D43,Bk,False,D F N Q,Viaduct,40.577422,-73.981233,1,
59,False,1,9 Av,9 Av (D),9 Av,59,B12,Bk,False,D,Open Cut,40.646292,-73.994324,0,
60,False,1,Fort Hamilton Pkwy,Fort Hamilton Pkwy (D),Fort Hamilton Pkwy,60,B13,Bk,False,D,Elevated,40.640914,-73.994304,0,
61,False,1,50 St,50 St (D),50 St,61,B14,Bk,False,D,Elevated,40.63626,-73.994791,0,
62,False,1,55 St,55 St (D),55 St,62,B15,Bk,False,D,Elevated,40.631435,-73.995476,0,
64,False,1,71 St,71 St (D),71 St,64,B17,Bk,False,D,Elevated,40.619589,-73.998864,0,
65,False,1,79 St,79 St (D),79 St,65,B18,Bk,False,D,Elevated,40.613501,-74.00061,0,
66,False,1,18 Av,18 Av (D),18 Av,66,B19,Bk,False,D,Elevated,40.607954,-74.001736,0,
67,False,1,20 Av,20 Av (D),20 Av,67,B20,Bk,False,D,Elevated,40.604556,-73.998168,0,
68,False,1,Bay Pkwy,Bay Pkwy (D),Bay Pkwy,68,B21,Bk,False,D,Elevated,40.601875,-73.993728,1,
69,False,1,25 Av,25 Av (D),25 Av,69,B22,Bk,False,D,Elevated,40.597704,-73.986829,0,
70,False,1,Bay 50 St,Bay 50 St (D),Bay 50 St,70,B23,Bk,False,D,Elevated,40.588841,-73.983765,0,
71,False,1,8 Av,8 Av (N),8 Av,71,N02,Bk,False,N,Open Cut,40.635064,-74.011719,1,
72,False,1,Fort Hamilton Pkwy,Fort Hamilton Pkwy (N),Fort Hamilton Pkwy,72,N03,Bk,False,N,Open Cut,40.631386,-74.005351,0,
74,False,1,18 Av,18 Av (N),18 Av,74,N05,Bk,False,N,Open Cut,40.620671,-73.990414,0,
75,False,1,20 Av,20 Av (N),20 Av,75,N06,Bk,False,N,Open Cut,40.61741,-73.985026,0,
76,False,1,Bay Pkwy,Bay Pkwy (N),Bay Pkwy,76,N07,Bk,False,N,Open Cut,40.611815,-73.981848,0,
77,False,1,Kings Hwy,Kings Hwy (N),Kings Hwy,77,N08,Bk,False,N,Open Cut,40.603923,-73.980353,0,
78,False,1,Avenue U,Avenue U (N),Avenue U,78,N09,Bk,False,N,Open Cut,40.597473,-73.979137,0,
79,False,1,86 St,86 St (N),86 St,79,N10,Bk,False,N,Open Cut,40.592721,-73.97823,0,
80,False,1,121 St,"121 St (J,Z)",121 St,80,J12,Q,False,J Z,Elevated,40.700492,-73.828294,0,
81,False,1,111 St,111 St (J),111 St,81,J13,Q,False,J,Elevated,40.697418,-73.836345,0,
82,False,1,104 St,"104 St (J,Z)",104 St,82,J14,Q,False,J Z,Elevated,40.695178,-73.84433,0,
83,False,1,Woodhaven Blvd,"Woodhaven Blvd (J,Z)",Woodhaven Blvd,83,J15,Q,False,J Z,Elevated,40.693879,-73.851576,1,
84,False,1,85 St-Forest Pkwy,85 St-Forest Pkwy (J),85 St-Forest Pkwy,84,J16,Q,False,J,Elevated,40.692435,-73.86001,0,
85,False,1,75 St-Elderts Ln,"75 St-Elderts Ln (J,Z)",75 St-Elderts Ln,85,J17,Q,False,J Z,Elevated,40.691324,-73.867139,0,
86,False,1,Cypress Hills,Cypress Hills (J),Cypress Hills,86,J19,Bk,False,J,Elevated,40.689941,-73.87255,0,
87,False,1,Crescent St,"Crescent St (J,Z)",Crescent St,87,J20,Bk,False,J Z,Elevated,40.683194,-73.873785,0,
88,False,1,Norwood Av,"Norwood Av (J,Z)",Norwood Av,88,J21,Bk,False,J Z,Elevated,40.68141,-73.880039,0,
89,False,1,Cleveland St,Cleveland St (J),Cleveland St,89,J22,Bk,False,J,Elevated,40.679947,-73.884639,0,
90,False,1,Van Siclen Av,"Van Siclen Av (J,Z)",Van Siclen Av,90,J23,Bk,False,J Z,Elevated,40.678024,-73.891688,0,
91,False,1,Alabama Av,"Alabama Av (J,Z)",Alabama Av,91,J24,Bk,False,J Z,Elevated,40.676992,-73.898654,0,
93,False,1,Chauncey St,"Chauncey St (J,Z)",Chauncey St,93,J28,Bk,False,J Z,Elevated,40.682893,-73.910456,0,
94,False,1,Halsey St,Halsey St (J),Halsey St,94,J29,Bk,False,J,Elevated,40.68637,-73.916559,0,
95,False,1,Gates Av,"Gates Av (J,Z)",Gates Av,95,J30,Bk,False,J Z,Elevated,40.68963,-73.92227,0,
96,False,1,Kosciuszko St,Kosciuszko St (J),Kosciuszko St,96,J31,Bk,False,J,Elevated,40.693342,-73.928814,0,
97,False,1,Myrtle Av,"Myrtle Av (M,J,Z)",Myrtle Av,97,M11,Bk,False,M J Z,Elevated,40.697207,-73.935657,0,
98,False,1,Flushing Av,"Flushing Av (M,J)",Flushing Av,98,M12,Bk,False,M J,Elevated,40.70026,-73.941126,1,
99,False,1,Lorimer St,"Lorimer St (M,J)",Lorimer St,99,M13,Bk,False,M J,Elevated,40.703869,-73.947408,0,
100,False,1,Hewes St,"Hewes St (M,J)",Hewes St,100,M14,Bk,False,M J,Elevated,40.70687,-73.953431,0,
101,False,1,Marcy Av,"Marcy Av (M,J,Z)",Marcy Av,101,M16,Bk,False,M J Z,Elevated,40.708359,-73.957757,1,
103,False,1,Bowery,"Bowery (J,Z)",Bowery,103,M19,M,True,J Z,Subway,40.72028,-73.993915,0,
107,False,1,Broad St,"Broad St (J,Z)",Broad St,107,M23,M,True,J Z,Subway,40.706476,-74.011056,0,
108,False,1,Middle Village-Metropolitan Av,Middle Village-Metropolitan Av (M),Middle Village-Metropolitan Av,108,M01,Q,False,M,Elevated,40.711396,-73.889601,1,
109,False,1,Fresh Pond Rd,Fresh Pond Rd (M),Fresh Pond Rd,109,M04,Q,False,M,Elevated,40.706186,-73.895877,0,
110,False,1,Forest Av,Forest Av (M),Forest Av,110,M05,Q,False,M,Elevated,40.704423,-73.903077,0,
111,False,1,Seneca Av,Seneca Av (M),Seneca Av,111,M06,Q,False,M,Elevated,40.702762,-73.90774,0,
113,False,1,Knickerbocker Av,Knickerbocker Av (M),Knickerbocker Av,113,M09,Bk,False,M,Elevated,40.698664,-73.919711,0,
114,False,1,Central Av,Central Av (M),Central Av,114,M10,Bk,False,M,Elevated,40.697857,-73.927397,0,
118,False,1,3 Av,3 Av (L),3 Av,118,L05,M,True,L,Subway,40.732849,-73.986122,0,
119,False,1,1 Av,1 Av (L),1 Av,119,L06,M,True,L,Subway,40.730953,-73.981628,1,
120,False,1,Bedford Av,Bedford Av (L),Bedford Av,120,L08,Bk,False,L,Subway,40.717304,-73.956872,1,
122,False,1,Graham Av,Graham Av (L),Graham Av,122,L11,Bk,False,L,Subway,40.714565,-73.944053,0,
123,False,1,Grand St,Grand St (L),Grand St,123,L12,Bk,False,L,Subway,40.711926,-73.94067,1,
124,False,1,Montrose Av,Montrose Av (L),Montrose Av,124,L13,Bk,False,L,Subway,40.707739,-73.93985,0,
125,False,1,Morgan Av,Morgan Av (L),Morgan Av,125,L14,Bk,False,L,Subway,40.706152,-73.933147,0,
126,False,1,Jefferson St,Jefferson St (L),Jefferson St,126,L15,Bk,False,L,Subway,40.706607,-73.922913,0,
127,False,1,DeKalb Av,DeKalb Av (L),DeKalb Av,127,L16,Bk,False,L,Subway,40.703811,-73.918425,0,
129,False,1,Halsey St,Halsey St (L),Halsey St,129,L19,Q,False,L,Subway,40.695602,-73.904084,0,
130,False,1,Wilson Av,Wilson Av (L),Wilson Av,130,L20,Bk,False,L,Subway,40.688764,-73.904046,2,Manhattan-bound only
131,False,1,Bushwick Av-Aberdeen St,Bushwick Av-Aberdeen St (L),Bushwick Av-Aberdeen St,131,L21,Bk,False,L,Subway,40.682829,-73.905249,0,
133,False,1,Atlantic Av,Atlantic Av (L),Atlantic Av,133,L24,Bk,False,L,Elevated,40.675345,-73.903097,0,
134,False,1,Sutter Av,Sutter Av (L),Sutter Av,134,L25,Bk,False,L,Elevated,40.669367,-73.901975,0,
135,False,1,Livonia Av,Livonia Av (L),Livonia Av,135,L26,Bk,False,L,Elevated,40.664038,-73.900571,1,
136,False,1,New Lots Av,New Lots Av (L),New Lots Av,136,L27,Bk,False,L,Elevated,40.658733,-73.899232,0,
137,False,1,East 105 St,East 105 St (L),East 105 St,137,L28,Bk,False,L,At Grade,40.650573,-73.899485,0,
138,False,1,Canarsie-Rockaway Pkwy,Canarsie-Rockaway Pkwy (L),Canarsie-Rockaway Pkwy,138,L29,Bk,False,L,At Grade,40.646654,-73.90185,1,
